title,text,date,upvotes
Econ with Mian Dai,Hello! Has anyone had any Econ classes with Mian Dai and know how her exams are? Especially her midterms? Any help would be appreciated. ,2025-04-26 17:23:50,2
"URGENT Summer Course Choosing (CS375, CS360, CS432)","I‚Äôm planning to take CS360 with Jeremy Johnson and CS432 with Sean Grimes, and the rest of my courses are pretty chill. I wanted to take CS375 with Galen Long, but they switched it to Boris, so now I‚Äôm unsure. How is Boris? CS432 is just an elective for me, but CS375 is part of my concentration. I'm worried they might end up being too hard. I'm a sophomore ‚Äî I‚Äôve taken up to CS260 so far, but I can‚Äôt take CS283 next term because I have to leave before finals for study abroad, and Brian Stuart didn‚Äôt let me take it.",2025-04-26 10:05:28,3
PLEASE help me choose between Villanova and Drexel for Engineering.,"Decision day is so soon so I'm freaking out. I'll be going in as a mechanical engineering major and will be commuting to both schools. The price is only a $2000 difference (Drexel is cheaper). The pros for Drexel would be the Co-Op and Diversity, with the quarter system being a con. The pros for Nova are the alumni network and ranking, with the con being a lack of diversity. Any help would be greatly appreciated!!

",2025-04-26 09:51:50,1
Advice for an incoming international student?,"I‚Äôm majoring in Game Design & Production, planning to minor in Animation. I‚Äôm basically looking for anything I should know as an incoming student, so any and all help is greatly appreciated. I would also like some advice regarding the co-op program, like whether or not the 5 years path is worth it over the 4 years one. Thanks in advance!",2025-04-26 06:51:37,1
*FRESHMAN ADVICE*,"Just thought I‚Äôd do a good deed today and give 1st years some advice. Don‚Äôt walk, fucking sprint away from the summit. Don‚Äôt let them fool you with the fancy apartment ads or whatever. The management is atrocious and the apartments are terrible. You WILL NOT hear a good story about that placeüò≠",2025-04-25 22:51:56,47
graduate housing/apartments,"hi guys, i‚Äôm an incoming graduate student coming from nyc and im wondering what‚Äôs are some cheap and decent places around campus to live? i don‚Äôt know much about the area and if anyone is looking for a female roommate pls dm me! my budget is around $1000.",2025-04-25 15:56:24,1
Transgender Students and Dormatories,"Hi! I'm a trans newly admitted student to Drexel, and I was just wondering about what the school does about housing for Trans students.",2025-04-25 14:50:53,10
Couches to Nap On,"ongoing list

GHALL
first floor
- open room
- still nice bc people are pretty quiet
basement
- delicious naps when it‚Äôs empty
- kinda small
tutoring
- amazing when there‚Äôs no tutoring
- closed room

BOSSONE
7th floor
- outside counseling center
- pretty cushioned

MAIN
3rd floor
- literally in a hallway
- don‚Äôt recommend unless it‚Äôs quiet or you‚Äôre desperate

HAGS
basement
- nice but can be loudish
den
- good in the middle of the night but why not just go home

LEBOW ENGINEERING
first floor
- very delicious
- entrance across from cat

PENNONI (Bentley)
first floor
- by the fireplace",2025-04-25 13:45:40,19
Drexel flea market this weekend moved to Sunday due to rain,,2025-04-25 09:24:18,30
placement exam question,"when i check the drexel website it says there are 2 types of math exams based on what you major in, calculus and something else, so which one will i have to take as a bs econ major?",2025-04-25 08:26:46,0
Math,Does anyone know if they change the midterms for math 101? A few of my friends took math 101 during the fall quarter and i'm just now getting to it because I took other classes instead of math. the first exam / midterm is tomorrow at 8am. do they change it from fall depending on the teacher you have or does it have similar questions to the previous one? ,2025-04-24 20:18:47,2
Cheapest student housing available?,Private room preferred but no necessary ,2025-04-24 17:55:23,4
Sorority hazing: parents are scared because of some old reports. Is it really a factor to consider?,"Based on PA law, the university apparently publishes summaries of hazing incidents. These are super vague though and I think are scaring my parents more than they should. Does anyone know what actually happens? ",2025-04-24 15:30:02,17
math 101 midterm #1,I'm taking Math 101 this semester with Antanolii Grinshpan. Is the first midterm difficult? What should i know?,2025-04-23 20:54:25,1
Roommates,"Looking for 2 roommates (preferably girls)!
I found a property on 40th Street, just a 15-minute walk from campus. It‚Äôs a 3-bedroom, 3-bath apartment ‚Äî each room has its own private bathroom and patio!

Rent is $2,700 total, so $900 each. Utilities are split between the 3 of us. The space is big, fully furnished, and ready to move in.

DM me for a video tour or more info!

",2025-04-23 20:05:53,6
How Can I Get an Exchange Semester?,"I‚Äôm a high school student in Germany, and I‚Äôm looking for the best university or Fachhochschule to pursue my bachelor‚Äôs degree, particularly one that offers a high chance of doing an exchange semester at Drexel University in the U.S.

My goal is to include this exchange experience in my master‚Äôs application to Drexel, so it‚Äôs very important to me. I would really appreciate any insights or recommendations on which universities or Fachhochschulen in Germany are particularly known for their exchange programs with Drexel.

So far, I‚Äôve found the UAS7 Network, a consortium of seven German Universities of Applied Sciences, but I‚Äôm not sure which of these would be the best fit for my goal.

Any advice or suggestions would mean a lot. Thank you!",2025-04-23 14:46:02,1
Pet Owner,Hello if you‚Äôre a pet owner and want to help out your fellow drexel dragons take this google survey! thanks https://forms.gle/uR6kwYG2LaHUuygS6,2025-04-23 14:45:39,1
Flea market this Saturday (the decision regarding the rain date will be made on Friday and I will post it then),,2025-04-23 10:41:14,3
When is Kurt CS277 Midterm??,He hasn't talked about it and there is nothing on the website. Im a bit worried because I have a couple other midterms next week but I'm very behind in Kurt's class.,2025-04-22 22:44:20,3
Business Idea Market Research,"I‚Äôm an entrepreneurship major who is conducting market research for a business idea I have been developing in one of my classes. If anybody could take the time to respond it would be greatly appreciated. It shouldn‚Äôt take more than 5 minutes of your time. I‚Äôd also be happy to do anybody else‚Äôs surveys in return. Thanks!

[International Payment App Market Research - Google Forms](https://docs.google.com/forms/d/e/1FAIpQLSf3wc8-5fCFtuJeQVv5tw_xWUAmtD1GXsxM6RH3xuLDeL-ktw/viewform)",2025-04-22 20:01:53,4
Same old,"Swear the only thing I see in this sub is people complaining about petty Drexel problems. Can y‚Äôall tell me the craziest thing you have seen or witnessed at Drexel or in Philly, let‚Äôs switch it up a bit.",2025-04-22 19:03:58,26
Why are the summit staff literally the rudest people on earth?,"Summit had a cute little plant event today. As I was getting my succulents, I noticed that as people left the 2 staff members behind the table would automatically start talking shit about the person who left if they didn‚Äôt like them. I‚Äôve noticed this multiple times. 

After I was done making my pot, I was literally just looking at the plants to see which one was cool to point out to my roommate (who was sitting on the chairs nearby) and Nicole, one of the staff members behind the table called me out and embarrassed me and basically said I already have 2-3 plants and I should leave some for others, assuming I was going to take another plant for myself. Bro I stg these people are always fkn rude for no reason. That same person literally said like 5 minutes prior to someone else to take as many as they want since they need to do away with the plants. 

This is kind of a rant but also a kind of don‚Äôt live here warning. The staff members are literally insufferable. There has been multiple moments leading up to this post. The only nice people for the most part are the security people at the front desk and the maintenance staff, but the people from the leasing office literally don‚Äôt know what customer service is. I pay all this money to live in Drexel‚Äôs dumbass 2 year required property. The least you could do is put a fucking smile on your face and not treat your residents like shit. 

Sincerely a disgruntled summit resident who regrets signing their lease and wasting $1300 a month on a shabby apartment. ",2025-04-22 16:37:51,79
Why should I choose Drexel?,"The two schools I'm deciding between are Villanova and Drexel for engineering, and I'm planning to go into civil engineering. I'm excited about Drexel's co-op opportunities, but I'm also very indecisive. I just want to hear why you all chose Drexel as I work on making my decision.",2025-04-22 15:22:47,10
Accounting and MIS double major,Hi is this double major possible and has anyone done this before in Drexel? Was it very difficult and how was landing co-ops,2025-04-22 15:21:22,2
Jury duty excuse letter,i was recently summoned for jury duty and was wondering if anyone knows who i could contact for getting an excuse letter for to being a full time student? ,2025-04-22 13:04:56,3
Drexel Nursing HSCI103 Exam Help,"Hello guys. I'm a first year nursing major and I was wondering if there are any tips from those who have previously taken HSCI103 exams if y'all have any exam study guides or anything that could help me get through them, since Dr. Flynn doesn't provide my class with any resources. Thanks",2025-04-22 12:51:17,2
Where can I find roomates for next year?,"I want an apartment in the Mantua/drexel park area, is there anything people use to find roomates?",2025-04-22 12:25:31,3
Chem 103 w Rutkowsky,"Does anyone know if Rutkowsky exams are hard? I have exam 1 on Thursday and I‚Äôm cooked since I have been only studying for math. I have today and tmrw to study. Please let me know any tips that helped u prepare for the exam if u took the course before or currently taking it. Don‚Äôt even comment things like ‚Äúu should‚Äôve studied‚Äù, ‚Äúthis class is easy‚Äù. Keep it to urself!",2025-04-22 11:50:04,6
"My phone isn‚Äôt connecting to dragonfly3, it‚Äôs not even giving me the option to",,2025-04-22 02:36:24,2
How to get a co op as MIS Major,"I‚Äôm currently a senior in HS and I have committed to Drexel as a MIS major. 

What can I do right now to prepare for a good CV to ensure I land a co op? I‚Äôm worried about not landing a co op as I‚Äôve heard some horror stories",2025-04-21 23:28:21,8
Who‚Äôs hiring?,Loooking for summer job. ,2025-04-21 23:22:15,1
Mats for sale!!,"Hi everyone, I‚Äôm selling my floor mats for a total of $35.

1) I got these in early 2024. 
2) They‚Äôre in great condition. 
3) No stains or blots. 
4) 5 small mats and 1 large one. 

Prices are negotiable to a degree (I‚Äôm asking $35 for the whole set). 

If you‚Äôre serious about buying them, text me.

I live close to Drexel, so if you‚Äôre near by I could have them delivered. 

",2025-04-21 18:29:34,1
Drexel life,"What is your biggest problem studying at Drexel, and what other problems are you guys worried about? Give me two weeks, and I will bring results. I need them for research purposes. 

It can be any problem related to anything in your daily life. The winner gets one dollar ;)",2025-04-21 17:12:19,5
When to expect enrollment confirmation?,i confirmed my enrolment today and paid the deposit also but when i check my portal it still shows me the option to confirm+pay and i got an email from the college telling me to confirm so im wondering how long this process should take? i just assumed it was automatic and i want to make sure nothing went wrong..,2025-04-21 14:25:53,3
Gen Ed,"What are the easiest gen ed. I mean absolutely low effort needed to get an A‚Ä¶don‚Äôt care if it is boring as long as it isn‚Äôt time consuming 

Thx :)",2025-04-21 14:17:50,6
Selling Things PT 2,"Realized i should‚Äôve just made one big post‚Ä¶that‚Äôs my bad everything again is negotiable and im selling for cheap cause i need it gone. My pictures were taken on a whim since im moving but ofc everything will be deep cleaned before sold/given 

please reach out and we can talk prices on everything! ",2025-04-21 14:13:25,0
Selling things!!,"Hi i‚Äôm selling a bunch of random stuff so if anyone would like to buy/take please message me!! Im willing to negotiate everything :) 

stuffed animals: 5 each or 15 all of them 

It‚Äôs not picture but im selling a small airfryer, toaster and a whole pan set! 

Airfryer: 25$
toaster: 10$
pans there‚Äôs 3 skillets 2 saucepans and 1 pink/purple  noodle pot.

all together i‚Äôll take 40$ they‚Äôre all in good condition but used. if you‚Äôd like one or the other we can chat in messages and we can figure something out. And if you‚Äôd like pictures too! 

this is urgent so please reach out! 



",2025-04-21 13:09:33,20
GPA,"I saw that the conditions of admission mention that the offer can be withdrawn if there‚Äôs a significant drop in final grades. When I submitted my application, my GPA was 4.5 out of 5. This quarter, I‚Äôve gotten a few more 4s, so it might drop a bit.

What exactly counts as a ‚Äúsignificant‚Äù drop? For example, would a drop to around 4.1 - 4.2 still be acceptable?",2025-04-21 12:34:09,2
Does Drexel actually provide accommodations or do they just say they do?,"I've applied for accommodations and got accepted but my teachers aren't allowed to give me any and I need to go over multiple contacts to do it which don't work. 

Are there actual accommodations or was that just a lie? Cause it feels like they don't provide any and instead just lie and claim that there are. ",2025-04-21 11:22:21,15
Veterans on Post 9/11 GI Bill,"Fellow vets, I‚Äôve been readmitted to Drexel after a few years and seem to remember somehow getting a grant or surplus in addition to the GI Bill benefits. It was a decent amount dropped in my bank account every term. Is this still in effect? It looks like the grant I was offered is much less than what it was a few years ago. 

Shoot me a message to discuss the specifics, thanks! ",2025-04-21 11:14:27,3
Drexel vs SUNY Buffalo?,I'm an international student got admit from both the unis for MS in Data Science. I really couldn't determine the right fit for me. Drexel is super expensive CoA ($86k) per year. SUNY Buffalo is affordable ($53k) CoA per year. Drexel has it's own advantage like co-op and makes the networking opportunities better. But buffalo is like nowhere and don't know how I'm gonna search for internship and full-time. I spoke to a bunch of folks at CCI and they are telling that co-op is not guaranteed and since 2022 the percentage of students getting a co-op is declining. I've also heard that only 30% students get a co-op and it's even very hard to get one as an international student. Any one plz let me know how legit is this....Also plz do suggest me a good opinion either Drexel worth to spend or to go with SUNY Buffalo.,2025-04-21 06:26:35,4
Comp sci major,"Hi, i am considering going to drexel for comp sci but I was wondering what current or previous cs majors at drexel think. Would you guys say that cs at drexel is good and do you guys think drexels co-op program is good for cs? And overall do you guys like drexel? ",2025-04-21 04:51:59,4
Decision help IIT vs Drexel,"I can‚Äôt decide whether to pick between Drexel or Illinois tech for B.arch, I do favor Philadelphia more, but Drexel is a little more on price  ",2025-04-21 04:41:33,1
ACE Fall 2025 Facebook Group,I just created a FB group so our cohort can get connected! Feel free to join.,2025-04-20 18:45:35,1
Drexel Flea Market this coming weekend 4/26 (rain date: 4/27),,2025-04-20 18:34:05,12
Anyone willing to sell their CCI cap and gown?? Please dm,,2025-04-20 17:13:44,2
Class scheduling is pain. I fixed it.,"I am a computer science student (not sure if I am getting a job in this market, so I decided to use my degree for something) and I hate finding classes and creating my schedules, so I created a tool to help with it.

[UCron @ Drexel](https://www.ucron.net/university/drexel-university/explore?term_code=202445) \- Page to search for courses

\*[Create an account](https://www.ucron.net/sign-up) to use other features like creating **plans** etc.

It's a website that helps you discover new, interesting courses that would otherwise be almost impossible to find in a typical course catalog. Here are some of the main features:

* **Generate a working schedule**¬†from the courses and sections you picked‚Äîno more dealing with annoying overlaps
* **Courses and instructors have reviews!** \- reviews from our users + Rate My Professors
* **Explore Page**¬†with lots of filters to help you find courses offered whenever and wherever you want (great for finding online classes) ‚Äî and yes, it shows live enrollment data, so you don‚Äôt waste time planning around full sections
* **Track your completed courses, credits, and GPA**¬†with the Course History
* *Coming Soon:*¬†**Schedule generation with preferences**

It‚Äôs still a work in progress, so drop your feedback in the comments and let me know if there‚Äôs anything else you‚Äôd like to see added!",2025-04-20 15:35:13,101
Co-op,"Hello,

I was recently accepted to Drexel University for the Computer Science program and wanted to clarify a matter regarding the co-op program. I did not indicate my interest in participating in the co-op program when filling out the Common App, but I have already reached out through inquiry form submission, and email about this issue. I‚Äôm concerned that this might affect my opportunity to join the program.

What are the chances that I can still make changes and participate in the co-op program moving forward?",2025-04-20 14:30:44,3
What type of messaging app do you guys use in America?,"I just committed to drexel, (Thanks for the advice on my last post, It helped a lot) and I am looking to connect to some first yrs coming this fall as well, and I was just wondering what is the norms of communication in America, I use Telegram mainly in my country so I was just wondering what it is over there. ",2025-04-20 10:30:08,6
Any alumni from the Entertainment & Arts Management BS / Business Administration MBA?,"Hello! For a little bit of context, I'm an accounting graduate looking to pivot fields, and I have only a little bit of debt from my undergrad degree. I'm aware I'd have to go back for another undergrad, but I'm considering going into this program because I want to combine my love of the arts and business as my career. Short-term, I want to learn as much as I can about both fields while having a job relevant to the degree. I've heard the co-op at Drexel is really good for that. Long-term, I'd love to start my own studio or company, specifically focusing on creating and publishing graphic novels.

For the graduates of this program, would you say the opportunities after the degree and payoff was worth the tuition? If so, what did you use your degree for, and how has it help you in your career thusfar? If not, what alternatives would you suggest?",2025-04-20 01:49:33,1
MCAT books,Hey everyone! I'm trying to sell a set of Princeton Review MCAT books 3rd edition...flexible on price so best offer please!,2025-04-19 23:36:53,2
math102,"for anyone who has taken math 102 with Bobo, are her exams similarly formatted as the exam review sheet? I mean she barely teaches but i still went over her lectures, which are just practice problems. But i am a little anxious so I was curious about her exam format. ",2025-04-19 21:00:19,3
any real drexel class of 2029/30 students here?,"been scrolling through the drexel ‚Äò29 pages but half the posts seem like bots or just random spam. if you‚Äôre actually joining drexel this fall (class of 2029 or 2030), drop a comment ‚Äî trying to find legit people.

also, any indians heading to drexel this fall? or anyone from outside the u.s.? would love to connect.

i‚Äôm also looking for a roommate, so if you are too, feel free to dm or reply here.",2025-04-19 10:03:24,10
fraser fleming there's a special spot in hell for you,"i hate yo dumbass so much. worst professor ever. shitty ass textbook, barely goes any material always says ""watch youtube videos"" but has time to teach us stupid ass cooking recipes and play with models. ",2025-04-18 11:31:07,29
Share your experiences with sustainability with Drexel.,"Survey Opportunity!

Drexel Community,

Many colleges across the university have sustainability curricula that relate to food systems and the built environment. This survey seeks to understand how those programs relate and whether there is an opportunity to develop a cross-disciplinary program using community-directed feedback.¬† We are exploring how to use the power of Drexel to make a positive impact on the food system and build environment. We invite you to share your feedback via the link below.

[https://drexel.qualtrics.com/jfe/form/SV\_4PgtJM4BAuzUsUC](https://nam10.safelinks.protection.outlook.com/?url=https%3A%2F%2Fdrexel.qualtrics.com%2Fjfe%2Fform%2FSV_4PgtJM4BAuzUsUC&data=05%7C02%7Cadl327%40drexel.edu%7C9265dd3a134f4ff2e58d08dd7e7994cc%7C3664e6fa47bd45a696708c4f080f8ca6%7C0%7C0%7C638805782821099778%7CUnknown%7CTWFpbGZsb3d8eyJFbXB0eU1hcGkiOnRydWUsIlYiOiIwLjAuMDAwMCIsIlAiOiJXaW4zMiIsIkFOIjoiTWFpbCIsIldUIjoyfQ%3D%3D%7C0%7C%7C%7C&sdata=ESCdGI0xcwGVWzqC071XogdPXQmSl%2FDYhyLXZXSLSmY%3D&reserved=0)",2025-04-18 09:06:59,1
I NEED HELP WITH MATLAB,I'm a freshman studying BME and I'm in my BME-specific MATLAB programming class rn and I'm genuinely struggling so much. I have no prior coding experience and the teacher is so hard to follow and basically no one else around me seems to know what's going on. If anyone has advice or suggestions on how to better understand the material/get comfortable with MATLAB PLEASE let me know im struggling,2025-04-17 22:49:13,6
Dr. Fraser Fleming for Chem-241 (Organic Chemistry I) - How were his midterm exams?,From experience were they super difficult or were they exactly the same in terms of question style from the practice exams he provides?,2025-04-17 20:13:30,2
rpi vs drexel univ cs,"hey there, high school senior here, as decision day rolls around i am trying to decide where to attend for the next year or so (have plans of transferring). anyways, regarding the two schools i would like to know which is a better experience for computer science? ¬° know rpi is a bit more well regarded in the cs industry but considering drexel they have a co-op program. FYI drexel for me is 20k w/o meal plans and housing and RPl is close to 40k for me including everything.

* also an RPI grad does make significantly more than a drexel grad when it comes to a job in the tech field.

* what do you guys think i should do / commit to?? any insight would be helpful, thanks!",2025-04-17 19:50:25,2
Gemini Advanced free for one year for anyone with an .edu address,,2025-04-17 15:57:45,22
found camera,anyone lose a digital camera? If you can tell me about it (and you're right) I'll know it's yours and I can return it to you. I found it near the summer winter community garden and based on the pictures I'm pretty sure it belongs to Drexel students. ,2025-04-17 15:02:06,4
r/Drexel vs r/UBC r/ NYU Shanghai for computer science?,My son has been accepted to Drexel University in Pennsylvania and UBC in Vancouver as an international student. Please help to choose which university to choose? ,2025-04-17 13:29:40,2
Camera found near the community garden,,2025-04-17 12:45:45,57
APRIL 19th @12 - PROTEST AT CENTER CITY,Protect democracy with us! ,2025-04-16 23:50:37,0
Myers Hall,I wasn't here when this hall was around. But I wonder why this one got removed. Was it universally hated or something? Why does this specific dorm (that kinda looks like a ski resort) have to be the one that gets removed?,2025-04-16 14:16:43,96
Drexel or BU for Law pathway?,"I got an offer for BU (College of General Studies) and Drexel (political science on their BA/BS + JD and also got the honours program., I am having trouble deciding on what is the better choice. They are around the same after Finnicial aid, What do you guys think? Pros and Cons? ",2025-04-16 10:45:36,1
STAR Scholar,"So i recently was accepted into the STAR Scholars program and attended orientation. I just wanted to ask the former star scholars, what did you guys do for food since there‚Äôs no meal plan provided with Hans being closed in the summer and urban having reduced hours?",2025-04-16 08:15:11,16
Smoke in American Campus Communities Summit stairways,Walked up the steps from the gym and the stairway smelled so much like marijauna smoke my eyes were burning. Every single day someone is smoking cigarettes or weed in this stairway. I don‚Äôt like taking the elevator after using the gym because I think it‚Äôs inconsiderate to be sweating like a dog in a crowded elevator but I also cannot stand the smoke in the stairways. It doesn‚Äôt seem like the frequency of people smoking in the stairways is decreasing with the warmer weather as well. It‚Äôs still the same as it‚Äôs always been.,2025-04-15 21:15:20,32
Should I commit to Drexel as an undeclared- humanities major?,"Hi!

I'm a (not so) recently admitted student to Drexel and I am currently agonizing over whether I should commit. I love the premise of the co-op, as finding a job post-grad is one of my primary concerns, and I fell in love with the city when I visited, however, I have seen a lot of discouraging to students who aren't sure what they want to do with their future and are considering Drexel as an option. I know I don't want to do anything STEM related, however, a business undeclared major is still on the table. My overall question is‚Äì¬†should I commit to Drexel if I am unsure of what I want my career to be in the future? My logic is that the co-ops will help me narrow down what I do and don't like, while still gaining experience, but is this the reality? Any advice is welcome, Thank you! ",2025-04-15 21:12:21,0
is anybody else confused about paying philly tax?,"I am not sure if I even have to pay this, can someone help me understand? Also, the website is so confusing.",2025-04-15 20:51:00,2
MEM202 Past Midterms???,I‚Äôm studying for my MEM202 midterm and was wondering if anyone has old midterms or practice exams they‚Äôd be down to share. Trying to get a feel for the types of questions that come up. DM me if you do!,2025-04-15 19:01:46,4
Cybersecurity at Drexel Anyone Been Through It?,"Hey, so I‚Äôm a cybersecurity major, and I‚Äôm about to graduate from my community college. Time is starting to crunch down, and I have to make a decision by May 1st about my next school. I know Drexel has that co-op program, which is amazing for building your resume and getting real-world experience, but I‚Äôve heard the workload can be a lot to manage. I was wondering if there‚Äôs anyone else majoring in the same field or something similar who can share their experience at Drexel what it‚Äôs like and how they managed everything.",2025-04-15 18:52:35,0
BS Architectural Studies students _are you glad you majored in this at Drexel?,anyone can tell me more about the experience of studying BS in Architectural Studies program? Am deciding between Drexel and WashU and U of Utah,2025-04-15 17:43:58,2
Is Drexel worth it for arts management?,"I‚Äôm looking to come to Drexel, and get at least a bachelor‚Äôs in arts management. After aid, and institutional scholarships, I‚Äôd be taking out about $35k a year in loans. 

Whats the average salary coming out of this for Drexel students?

What co-op options am I most likely to have?

What are the chances that if I reapply for the 3+2 in my freshman year for me to be approved for it then?

I‚Äôd be using this degree in the music industry, either in live music, or working for a label, radio station, or something similar.
",2025-04-15 15:08:56,2
Apartment Hunting Help!,"Hi everyone! I am moving to Philadelphia in July to attend Drexel Law and have never been. I am wondering if anyone has any building recommendations in University City (or surrounding neighborhoods) with reasonable rent and a gym in the building. If anyone loves their building please share the name! My wishlist is rent under 2k for a one bedroom, a gym in the building and more than one closet in the unit! Thanks in advance! ",2025-04-15 12:28:21,2
Moving on,https://www.linkedin.com/posts/sean-vereen_i-had-the-great-privilege-of-being-at-the-ugcPost-7314065482108592129-Wuhd?utm_source=social_share_video_v2&utm_medium=android_app&rcm=ACoAACzHn4wBAQx_IyqNLcdDVt7_MaK9yZROVtQ&utm_campaign=share_via,2025-04-15 09:58:21,2
built this open-source Android operator at hackathon,"Wanted to share what me and my crew hacked together at Bitcamp this past weekend. We built the same thing, a full-blown smart agent that runs¬†on your phone¬†and can do stuff like book an Uber, follow someone on LinkedIn, send a message if you're running late ‚Äî all through step-by-step local control.

In our case, the difference is we're¬†not¬†using any vision models or image processing. Instead, we built our own grid-based image tagging system that helps gemini to translate interface elements into grid unique code at runtime. Then we simply convert it back to coordinates in the app. It‚Äôs fast, doesn‚Äôt rely on pixel detection, and works pretty reliably across apps.

We religiously studied and followed browser-use for the RAW prompt logic + function calls, glued them together with a tons of caffeine, zero sleep, and questionable file structure.

We¬†do¬†have a memory layer and agent state handling, so it‚Äôs not just one-off actions ‚Äî it can plan and recover when it gets stuck. It's all kinda messy right now (code-wise), but it¬†works end to end¬†and we‚Äôd love for y‚Äôall to take a look and poke around the codebase.

Github:¬†[https://github.com/invcble/ares\_ai](https://github.com/invcble/ares_ai)

Youtube Demo:¬†[https://www.youtube.com/watch?v=awKfjunMDRg](https://www.youtube.com/watch?v=awKfjunMDRg)

PS: We did not win the hackathon, so a Star to the repo would mean a lot.",2025-04-15 01:34:20,5
Drexel Might Stop Allowing Students on Co-op to Take Classes??,"So I just heard a rumor from an advisor that Drexel might be trying to remove the ability for students on co-op to take classes at the same time. Not sure if this is just internal talk or something that‚Äôs actually in motion, but it caught me off guard.

I know a ton of people (myself included) rely on taking a class during co-op to stay on track‚Äîor get ahead. Honestly, it feels like a huge step backward if this becomes a thing.

Anyone else hear about this? Thoughts? Do you think it would hurt or help the co-op experience overall?",2025-04-14 19:43:01,63
Thoughts on CS and Co-op at Drexel,"Trying to get a better sense of how strong CS is at Drexel. Is it considered a solid or prestigious program compared to other universities?

Also curious about how the Co-op system works in practice ‚Äî do students actually get placed at big companies like Google, Microsoft, or Apple, or is it usually smaller/local companies?

Also wondering what a typical Co-op salary looks like and how helpful it is financially. Any insight would be really appreciated!",2025-04-14 12:22:59,11
MEMS Co-op,What the Mechanical Engineering and Mechanics co-op opportunity?,2025-04-14 11:41:26,0
any group chats for incoming freshman at drexel?,"hey! i‚Äôm an international student and drexel is one of my top choices for this fall. i haven‚Äôt committed yet, but i‚Äôm seriously considering it and wanted to see if there are any group chats (whatsapp, discord, groupme, etc.) for incoming international students or freshmen in general. would love to get a feel of the community and connect with people early on!

thanks!

edit- i am an undergrad student",2025-04-14 08:42:00,9
ChE Co-op,How are the chemical engineering co-ops at Drexel? ,2025-04-13 21:41:36,8
CS Electives For Summer Quarter,"Hello everyone, I want to take a CS elective in the summer, so I wanted to see which classes you all suggest. Thanks!",2025-04-13 20:42:16,1
Really people get co-op at Drexel especially in CCI? Plz help!,"I'm an international incoming grad student for Data Science. I really wanted to know how good the co-op at Drexel and really most of the students get it? I've attended many info sessions but their are not disclosing the current stats of co-op secured rate and stuffs the program representative shows the ppt of stats till 2022. When I try to ask them, they tell we don't have the recent stats. Why's that so? I hearing a lot that people securing co-op is declining and barely less than half of the class secure a co-op. Is this piece of information true? Another thing is they didn't offer me much financial aid only 10%. My CoA is $86k per year (tuition alone is $58-59k). Drexel was my go to school but these things are scaring me! Do many people secure a co-op? And what about the three rounds a/b/c?

Add info: I got admit from SUNY Buffalo where it's cheap in terms of cost (CoA $53k per year) 

If Drexel is not worth it, I should go with SUNY Buffalo. Your valuable opinions are highly appreciated!",2025-04-13 14:48:34,14
Easy online CC alternatives to MATH200?,"Im on the BSMS track and am taking my MS classes through Drexel during my spring/summer coop. I would like to take community college MATH200 on top of this, but I‚Äôm worried it might be a lot. 

Does anyone know of easy programs I can complete on top of my co-op schedule and grad class?",2025-04-13 13:19:57,2
Parking,Are all Drexel lots free on the weekends? Or just certain ones?,2025-04-13 09:43:08,2
Is LLC worth it?,"Hi, I'm an incoming freshman at Drexel, and I was wondering if I should apply for LLC or another Hall. I personally like the Bentley and Kelly Hall better, but would I be missing out if I chose another hall?",2025-04-13 02:34:13,1
Whoever‚Äôs blasting music on 32nd-33rd and powelton fuck you,Go to sleep cunt ,2025-04-13 02:26:22,32
"Is 4-year or 5-year program good for engineering, if I want a master?","Hello all! I'm debating between doing the 4-year program or the 5-year program at Drexel for Engineering. However, I do plan on getting my master's, likely at a different university. Has anyone dealt with a similar experience? What would be the most beneficial, without going too much into debt of course? ",2025-04-12 19:30:01,7
Is Drexel really that bad?,"Pretty much all I see here is that Drexel and their administration specifically is terrible. I would be an incoming freshman next year and still haven't decided where I want to go yet and Drexel has been high up my list. I went to one of the campus tours and it looked nice, but I just see so much negativity, so it is a bad option? ",2025-04-12 16:15:01,36
Drexel Sucks,Drexel Sucks ,2025-04-12 14:28:53,0
how has your experience been with the Bachelor of Architecture?,"I finally made up my mind about going to Drexel (if I get accepted of course) to pursue Architecture, my options are limited since I live in South Jersey and Drexel is close and the program seems great to get the architecture license, but is it really that good as it seems? 
I plan on going after I'm done with my two year associates so I can get the Drexel Promise and I can gain some art skills for my portfolio.
any advice or anecdotes are welcome, I'm just trying to make sure I'm making the right decision:) ",2025-04-12 13:24:04,8
Can anyone tell me what this means? Is it a glitch of some sort?,"Hello! I'm going to be a freshman next year and I was just looking over my DrexelOne account to start submitting my housing application, and instead of directing me to the page with the application when I clicked on the Housing Application link it doesn't have either a red x or green checkmark next to it but instead it just says ""null"". I instead just went straight to the Campus+Community page and started the application from there but it worries me a bit because I still have time before the housing deadline and i have submitted my deposit so there should be no problem? Can anyone explain to me why it my say this?

https://preview.redd.it/ss82jg8gbfue1.png?width=910&format=png&auto=webp&s=b46cfee2e18ab253c47f43ce653e3857ae400150

",2025-04-12 11:36:38,3
Need Apartment/Neighborhood Advice,"Hi everyone! I'm starting a graduate program at Drexel in the fall quarter and am looking for where to look for apartments. I don't have a car, and I would prefer somewhere relatively inexpensive and with access to public transportation. If you know of any places to look at, I would really appreciate it. Thanks!",2025-04-11 19:38:33,6
Work study during Summer,I am freshman and I‚Äôm finding work during summer. Is there any open I can apply to? ,2025-04-11 19:32:53,1
Have co-ops been progressively getting less likely?,"I feel like I‚Äôve heard , read and seen, a lot more about people haven‚Äôt been getting co-ops recently. I know that the job market isn‚Äôt that good right now; is this something I should be stressed about?

~ET major ",2025-04-11 16:56:55,21
I know Drexel has a lot of problems but,"This sub is filled with a lot of negativity, and honestly warranted negativity that even I have partaken in. However the benefit of co op in today‚Äôs world is invaluable. I have had multiple interviews and post grad offers and my experience puts me above others and even on the same playing field as masters students in some cases.

I have friends from other top schools struggling to get jobs, some a year graduated and still struggling and unemployed. They lack the experience that we get here, for that I am grateful that I gained valuable experience that has helped me in my job search. 

This school has its many downsides, but the upsides can make it worth it. At the end of the day this will be our Alma mater and we should be proud of it. 

Edit: For some reason people are acting like this post discredits the issues this school has and the struggles people have faced. Let me be clear, fuck the majority of the Drexel Admin. They absolutely suck and have done irreparable damage to this school. BUT that doesn‚Äôt mean there aren‚Äôt positives here and that some people enjoyed and benefited from their experience here. In today‚Äôs world we can all use a little bit of positivity man, it‚Äôs rough out here, we already go to this school, negative mindsets are incredibly destructive, I urge everyone to search for the positives because they do exist! 
",2025-04-11 12:40:01,157
MPH Decision Help: Drexel vs. Rutgers,"Hi everyone! I‚Äôm currently deciding between a few MPH programs and would really appreciate advice from folks in public health, especially those who‚Äôve gone on to do a PhD in Epidemiology.

My career goal is to work in epidemiology- ideally work in the government sector- and eventually pursue a PhD in Epidemiology. I want to make a smart, long-term decision that balances academics, networking opportunities, and cost.

Here are the schools I‚Äôm deciding between:

1. **Drexel University**¬†‚Äì Gave me a scholarship for 26k, which helps with the cost of the program. I like their hands-on-research, focus on urban health, small class size, and there is an internship embedded in my program. On the other hand, it's a private university, so the cost is significant even with aid (out-of-state student).¬†
2. **Rutgers University**¬†‚Äì Has the professor that I want to work with when doing research, strong public health program, close to NY, and has an emphasis in population health. More exposure to different types of methods in research. However, I didn't get any scholarships and I am an out-of-state student. So, the cost is also significant even with aid as well.

**My questions:**

* **Academics/Career:**¬†Which school might offer the best connections and prep for getting into the CDC or landing strong research fellowships (like ORISE, EIS, etc.)?¬†
* **PhD Preparation:**¬†Does it really matter where I get my MPH if I‚Äôm aiming for a funded PhD later or does it matter what I am emphasizing in? Should I get my masters here in the States or go abroad to obtain my masters?¬†
* **Loan Strategy:**¬†If I take out loans for my MPH, what are the best ways to manage or reduce them before/during a PhD program (which might offer a stipend)? Are there any forgiveness programs or jobs that help with that?¬†
* **Real-World Advice:**¬†If you've done an MPH then a PhD, what would you do differently, and how did you handle finances?¬†

Any advice or personal stories‚Äîespecially if you‚Äôve worked in government positions or navigated MPH ‚Üí PhD transitions‚Äîwould be amazing. I'm just trying to make the best decision for my future without drowning in debt.

Thanks in advance for reading!",2025-04-10 23:14:12,1
Random question about Caneris Hall,"It's about their fire alarms. I don't like loud sudden noises. So, when there's a fire drill at Caneries Hall, do the fire alarms go ""BEEP BEEP BEEP BEEP"" or something more like ""WHOOOP! There is a fire, please leave immediately"".",2025-04-10 22:14:33,2
Laptops recommendation for CS,"Hey! I'm looking to buy a new laptop and was wondering‚Äîwhat's better for computer science, Mac or Windows? My budget is around $1200. Any recommendations would be super helpful. 

Thanks.",2025-04-10 20:12:55,7
Ace fall 25,"Hey guys I recently got accepted into the Ace Nursing program and I was wondering if anyone knew on safe places to live near the school or are looking for roommates. I‚Äôm still waiting to hear back from Emory, Alabama, Georgetown and Duke. But I might choose this program in case the other ones backfire. 

Also if you guys have any tips on financial aid or scholarships I could apply I would highly appreciate it! 

Feel free to DM ! ",2025-04-10 15:57:50,3
"Seriously? Only use ""ACTION REQUIRED"" for things that are ACTUALLY required (e.g. a late tuition bill, and academic hold, etc.)",,2025-04-10 12:08:33,78
Find courses by instructor?,Am I missing something? I'm trying to see all the courses taught by one professor (in any upcoming term). Is this not possible?,2025-04-10 09:30:42,4
Class of 2025 how are we feeling?,,2025-04-09 22:55:09,16
4 YR Coop vs 5 YR Coop (Nursing),"Hi, I need advice on whether I should choose the 4-year co-op or the 5-year co-op program for nursing. I know that the 5-year co-op includes 3 co-ops, while the 4-year co-op includes only 1, but I‚Äôm not sure if I want to spend an extra year in college. Also, if you're a nursing student at Drexel, could you please share your experience in the nursing program? Thank you.",2025-04-09 18:04:40,3
"Should i go to Drexel, uc merced, and njit for mech engineering?","Im between drexel, uc merced, and njit for mech engineering. Hows the mech engineering program like at drexel?",2025-04-09 16:52:28,1
Mommy Telly‚Äôs needs to hire a Drexel Co-op,"Love the guy, Love the food. But he takes so long to",2025-04-09 12:53:08,8
Transferring to Drexel,"Currently I'm a freshman at UConn and things honestly haven't really been working out socially for me. I also am not getting housing next year just to make matters worse

I got into Drexel as an environmental engineer and I was just wondering how people like the school and the co op program. Personally I think the co op program is pretty cool cause I consider myself an indecisive person and I like that'll help you figure out a job after  college. Also one of my friends from high school is in frat there so I'll prob rush.

Cost would be about the same without considering UConn off-campus

I was just curious if anyone had any similar experiences transferring ",2025-04-09 12:51:53,6
Dean‚Äôs List stickers,"Does CCI no longer give out dean's list stickers? When I was on the dean's list a couple of years ago, they asked me to come get mine. I am on the dean's list again but this time, no email whatsoever. For anyone who was on there more recently, did you get it?",2025-04-09 11:44:53,13
Free cpr certification in Philly area or from Drexel?,Hi guys. I‚Äôm a student at Drexel trying to get cpr certified but am broke af. Anyone know if there‚Äôs anywhere in Philly or somewhere from Drexel that I can get a cpr certification for free? ,2025-04-09 10:51:57,1
Online grad student heading to campus today for some events. Any good coffee shops?,,2025-04-09 07:52:12,8
Statics MEM202,How was statics with Jablokow? ,2025-04-09 06:23:24,3
Learning a new language on quarters,"Wondering if experienced language learners at Drexel can weigh in: is taking a 101 or 201 language course at Drexel worth it for a 10 week quarter? Given how expensive Drexel is, I‚Äôm wondering if it‚Äôs a useful way to spend my credit hours or if I‚Äôd be better off with a semester schedule or private tutor for language learning.

Thanks!",2025-04-08 23:17:57,1
"Selling Brand-New, Unopened Multivariate Calculus Textbook","Hello!

If you're a mathematics, engineering, or CCI student at Drexel as I was in the not-so-distant past, I have just the textbook for you!

Back in my freshman year, I stupidly bought a textbook for my Multivariate Calculus course only to find that the professor had all of the pages we needed scanned and distributed to us for free. Isn't that great???? Don't you love when that happens???? Despite the ""NON RETURNABLE IF SHRINKWRAP BROKEN"" label on the textbook and the shrink wrap being completely intact, the Drexel bookstore refused to give me a refund.

Anyway, it looks like similar books are purchasable for nearly $125 and rentable for about $50. Since textbooks are quite possibly the world's biggest legal form of thievery (aside from crypto and Cleveland Browns tickets), I wouldn't want to sell it for more than $40.

Send me a DM if you're interested in purchasing it.

Here is the info for the book:

Title: Calculus Early Transcendentals  
Edition: 11th  
Authors: Howard Anton and Irl C. Bivens  
Additional Info: Physical copy of the book that also contains a code for the eBook (or e-book if you wanna get fancy with it).  
Condition: Brand-new, unopened

**TLDR: I'm selling a copy of the above calculus book for $40. Typical purchase price is around $125; typical rental price is $50. DM me if you're interested.**",2025-04-08 22:55:00,4
Roaches everywhere in chestnut laundry room,Fucking disgusting,2025-04-08 21:59:33,39
Tuition,"So I recently got accepted into Drexel, at first I was excited but then saw how much tuition was and that quickly fadedüò≠. I am a transfer entering as a Junior and the 73,000 dollars is with housing including , but even if I were to live off campus it would be around 44,000 dollars with the Promise scholarship. Is there anyway to lower this? Will it be cheaper if i‚Äôm going to be doing a co-op? ",2025-04-08 14:58:25,50
Is it Normal to be Completely Lost during a Kurt 277 Lecture???,"I've been trying my best to pay attention and learn as much as possible during Kurt's lectures. I've attended every class and tried to take as many notes as possible, but I'm completely lost. I think the problem is that I'm just naturally disabled when it comes to anything math related. Is it normal to be lost during his lectures or is this more of a me problem? Is it possible to do good on his exams if I just try and learn the readings and homework by myself and not understand the lectures?",2025-04-08 13:30:37,16
Late to class,How do you walk in to a class an hour late? Like you picked these classes and still walk in late. At that point stay home. ,2025-04-08 10:03:07,8
Is drexel good for the major Business Analytics/ Finance? What Co-ops are commmon for this major? Also what benefits do Drexel Honors students get in search for co ops and other stuff? Thanks!,"I need help deciding idk where to go. choices are Drexel Honors, Lehigh, NEU, PSU . .. Finance / Data Science  ",2025-04-07 20:42:28,6
Drexel Master's in Psychology Feedback,"Hi all,

My daughter has been offered a space in Drexel's MS in psychology with an emphasis on research.  Her goal is to then move on to her PhD.  Is there anyone out there that can speak to this department and what it's like? She needs to make a decision quickly but she doesn't have much to go on. Any info would be great.  Thank you.",2025-04-07 20:33:13,2
If you have a parking permit for the Drexel parking garage do you still get charged over night for parking there?,This term I bought a parking permit for the Drexel parking garage and I was charged around $450 for it. But my friends said that I‚Äôm also being charged overnight to stay in the parking garage but at a discounted rate. Can someone clarify?,2025-04-07 20:06:19,11
Good and cheap graduation photographer !,Please drop recommendations,2025-04-07 19:40:35,2
PA STATE GRANT,Did PHEAA release the PA STATE GRANT for the spring? I didn‚Äôt receive my FALL and WINTER grant. ,2025-04-07 19:23:15,12
Extremely Worried about CS277 with Kurt!!!,Im taking cs277 with kurt this quarter and im extremely worried about it. I absolutely suck at math and this looks like a math heavy course. I've been attending class but ive had a lot of trouble following along. I'm mainly scared about the exams which are in person and on paper. Has anyone taken this class before and have some advice? Do most students not pass this class?,2025-04-06 20:12:11,11
Lease terminate for Remote Co op?,"Has anyone had an experience with terminating their ACC leases if they get offered a co op that‚Äôs remote? I had the idea to possibly take one and work from my house to save on rent, but I don‚Äôt know how feasible this is because they are strict.",2025-04-06 17:10:30,8
How often do you run into faculty in LLCs?,"I'm an incoming freshman, I'm just curious what the party scene looks like in general and especially in living learning communities, as I'd likely room in Bently. Any thoughts/advice?",2025-04-06 15:59:13,5
Coop to King of Prussia by car,I just wanted to see if anyone drives by car to king to Prussia or nearby for coop ? ,2025-04-06 12:51:23,3
Is Drexel worth it???,"Hi, I‚Äôm a senior in high school from Maryland, and I applied to Drexel University. I‚Äôm very excited about it! Originally, I applied for the PPE program, but I am considering changing my major to law and business or economics. I visited Drexel on New Dragon Day, April 11, and I fell in love with the city. I can truly see myself going to class and having fun while joining clubs‚Äîjust like I envision my day-to-day life being there. It‚Äôs a feeling that not many schools can give you, and I really like the co-op system; it feels like a cheat code for getting some financial support while attending college. 

However, I‚Äôm currently unable to afford the tuition. Initially, they awarded me a scholarship, which brought the annual cost down to $40,000. After submitting an appeal for financial aid, the new estimate was around $39,000 per year. Drexel seems like an amazing school, and I desperately want to go there. Even with the scholarships I might receive from local organizations, my family and I would still be looking at around $30,000 to $20,000 a year in expenses. 

My parents said they can help figure something out if I really want to attend Drexel, but I‚Äôm wondering if this financial leap of faith is worth it. Any advice you could offer would be greatly appreciated!

edit- Many people have advised me that if I want to attend Drexel University, I need to have a specific career in mind and a clear idea of what I want to do. My goal is to get into law school and become a lawyer, specifically an attorney with a background in business or international relations. However, I also want to ensure that my college major will support me in case I decide not to pursue a career in law. Regardless, I plan to pursue a law degree at Drexel as a minor. I have enjoyed meeting some of the people in the program, including the professor and the head of the department, who all seem really nice.",2025-04-05 23:39:13,11
I made the Drexel Term Master we deserve,"[Open Mario - Course Page](https://i.redd.it/cdtodtfa82te1.gif)

[https://youtu.be/fCeoDvJ9npE](https://youtu.be/fCeoDvJ9npE)  
Update on my previous post!!     
[https://www.reddit.com/r/Drexel/comments/1jeg75d/a\_website\_to\_anonymously\_share\_your\_coop\_salary/?utm\_source=share&utm\_medium=web3x&utm\_name=web3xcss&utm\_term=1&utm\_content=share\_button](https://www.reddit.com/r/Drexel/comments/1jeg75d/a_website_to_anonymously_share_your_coop_salary/?utm_source=share&utm_medium=web3x&utm_name=web3xcss&utm_term=1&utm_content=share_button)

[OpenMario](https://openmario.com) just got better !! [https://openmario.com](https://openmario.com)  
  
I have added better search featrues over the drexel term master and esap job posts (I am working on a rating system using the surveys).  


You can now lookup, filter, sort and save co-op job information (with SALARIES) and courses offered over the current and next term (with all available Rate My Proffesor rating).

As a graduating senior I hope this makes your life at drexel a little eaiser.

Happy to hear any feedback !!

Edit:

Credits:
I used a lot of Zohairs work to build my database.",2025-04-05 14:31:48,106
ER and Insurance,"Hello everyone, I may use ER services but Im not sure how much my insurance going to cover because I don‚Äôt want to pay thousands of dollars. Im international and under United healthcare Drexel plan. Anyone here under the same situation as me went to ER in the past?",2025-04-05 01:19:53,1
"Drexel Issued $150 Fines to Food Trucks Forcing Some to Leave, Despite City Councilmember Opposition","Trucks were issued fines by Drexel PD at MIDNIGHT on Friday, April 4th. City Councilmember Gauthier put out a video in support of the trucks and told Drexel to listen to the students, but there has been no response from Drexel.


We are awaiting response, but if they don‚Äôt back down, we will be pursuing further action with Councilmember Gauthier and more. 


Please continue to share the petition and support the food trucks that are here while we wait on a response from Drexel: https://www.change.org/p/save-drexel-food-trucks?recruiter=133919590&recruited_by_id=f50ecd80-172e-11e4-bd8b-73624ac34791&utm_source=share_petition&utm_campaign=petition_dashboard&utm_medium=copylink
",2025-04-04 23:54:53,151
need help,i registered for 4 classes for this term but dropped one. i want to register for another class in place of the one i dropped to meet the credit requirements. i‚Äôm scared its too late to register for more. what should i do?,2025-04-04 21:03:28,3
2 bed / 2 bath at Summit,"Hi everyone! 

My cousin has a 1 year lease from September 2025 - September 2026 at the Summit at University City and we are looking for someone to take over his lease. He has a 2 bed/2 bath apartment. You will be sharing with another male. The rent per person is $1809/person. You will have your own private room and a private bathroom with access to a full kitchen in the apartment. If you are interested in taking this lease over, please reach out to me!",2025-04-04 19:16:27,0
Spacious One-Bedroom Apartment for Rent Near UPenn & Drexel!,,2025-04-04 18:09:46,0
What the hell is going on at Lancaster walk?,"I can't see most of the gathering from my Summit window because I face Lancaster avenue instead of 34th, but I can see people out there and I hear megaphones. What's going on down there? 

I ain't about to go down there myself and risk getting arrested under Drexel's non-approved protest rules. I'm trying to take a quiz and I keep getting distracted by megaphone noise and cheering. ",2025-04-04 17:34:29,22
"Missed the registration for New Dragon Day for Business, can I still go?","Hi, I just found out that I would be busy for the Students Admitted Day for April 11 so I wanted to register for the New Dragons Day on April 6. However, it says ‚ÄúRegistration deadline has already passed‚Äù in the student admissions portal . One of my friends who went to a New Dragons Day was allowed to go without registering online. Would I be able to go too?   
Thanks!",2025-04-04 17:16:10,1
Dismissal from NP program,Hey guys. I received an 81.2 as my final grade (just short from 83.5 passing grade)and am being dismissed from the Np program. I had one more quarter left and was supposed to graduate this June. I filed for an appeal and just received a denial. I am beyond devastated and would appreciate any feedback on what to do. Is there another way to appeal this. Thanks for your help ,2025-04-04 16:54:37,33
How do I change floor plans at the summit after I have signed the lease??,Super confused on what to do. Does anyone have any tips or suggestions??,2025-04-04 14:48:04,0
SOS Need a spot cleaner machine,My friend puked on my brand new mattress and I am in urgent need of a spot cleaner machine/carpet cleaner machine with the upholstery attachment. Can anyone who has one lend me it for a couple hours?? I can pay too if required!! I would appreciate any help at all. ,2025-04-04 11:33:54,3
Drexel Flea Market Schedule for this year,,2025-04-04 10:07:36,15
Game Design Major CO OPs,"can a few game design majors lmk how their co ops went? im very curious how people go about finding them and their experiences in them. Are they in philly, remote, unpaid, etc?",2025-04-04 09:23:57,3
Councilwoman Gauthier said Drexel is ‚ÄúSelectively Enforcing‚Äù Food Truck laws and asks the University to Reconsider Enforcement!,"Tomorrow, April 4th is slated to be when Drexel and the City crack down on the enforcement of food truck laws in the Drexel Area. They also told us to go to City Council with our concerns since there was ‚Äúnothing they could do‚Äù - so we did. 

No clue on whether or not Drexel will carry out with this, but the backing of a City Councilmember is huge! Our work here isn‚Äôt done. Thank you to everyone who showed their support by signing the petition and making your voice heard. 

We‚Äôll have further updates for the trucks in the future, the ball looks like it‚Äôs in Drexel‚Äôs court now.",2025-04-03 19:03:09,135
SCTS101,I am taking prof Silverman's SCTS¬†101 this quarter during my co-op. Any review? Cant find anything about her ,2025-04-03 18:17:25,1
Pete‚Äôs appreciation post,Best breakfast sandwiches I‚Äôve ever had. Really sad to see them go. Tell your stories and appreciation here!,2025-04-03 15:13:23,114
Classes over Co op,Thinking about taking Tech in History Perspc (Hist 285) or Engr Ethics over co op. Does anyone know if they‚Äôre offered online during fall/winter? Also if you have experience taking the class do you recommend it. Thanks!,2025-04-03 06:28:31,2
No help...,"Is it common to receive ZERO financial aid due to one of the parents' recent unemployment?
My father greatly contributed to family's budget and the situation puts us under a great strain.My mum is even forced to work on a second job now to compensate.

For reference, I am a recently admitted international student.",2025-04-03 02:17:39,40
Lowering cost of tuition further with a Drexel $55K tuition,"Hi!  After FAFSA, the tuition is looking like $55K.  Taking a big hit on investments wouldn't qualify for anything right?  If income is still similar, they will just say that we can still ""afford"" it?  I know they have a 2 year lookback, but if a drastic change in income happens, then they can do something about it?  Just odd that if one spouse becomes stay at home, then the income might be enough to have full scholarship, even at Ivy leagues.... what are other ways?",2025-04-03 00:50:51,2
Application essay,"Hey everyone, I'm planning to transfer to Westphal College next fall and I'm a bit confused about the essays. Can anyone tell me how many I need to write? I reached out to the school advisors, but I got conflicting answers. I found two essay topics on the Drexel and Westphal websites, but I'm not sure if I need to choose one or submit both. Any insights would be really helpful!

  
1:¬†All full-time applicants (except Nursing ACE) must submit a 250- to 650-word essay. Please write about any topic you choose. However, the Admissions Committee prefers applicants to discuss their transfer experience and why they are interested in Drexel University. Essays can be submitted through the Application, in your Discover Drexel portal, or by emailing¬†[enroll@drexel.edu](mailto:enroll@drexel.edu).

2:¬†Reflect on your experiences, personal characteristics, and unique traits that have prepared you for the challenges and opportunities associated with your chosen major. How have these things shaped your goals, aspirations, and potential contributions to your field of study? (Maximum 500 words)

Besides, Is there any essay format guidelines for these essay?

Thanks <3",2025-04-02 22:26:51,3
Math 201 w KS,Hey guys I have ksv for linear algebra I‚Äôm a freshman. I‚Äôm worried. is he really that bad ? can I get a good grade in this class and learn independently or is a good professor essential. I can‚Äôt take another section and I need to decide whether I‚Äôm dropping it or not. Any advice is welcome ,2025-04-02 18:38:34,6
Club Sports,"Has anyone here, particularly grad students, joined any of the club sports? I‚Äôve been interested for a while but unsure how much time it takes up or if it‚Äôs any fun. It seems like the websites for these clubs have been updated in a while. ",2025-04-02 08:49:11,2
Feeling Like I‚Äôm Missing Out on the College Experience at Drexel,"I‚Äôm a grad student at Drexel, and lately, I‚Äôve felt like I‚Äôm not experiencing university life the way I thought I would. I mostly stay home, don‚Äôt have many friends from the university, and I‚Äôm not a social person by nature.

That said, I‚Äôd love to meet some good friends and connect with people, but I‚Äôm unsure where to start. Any suggestions on how to get more involved or find people with similar interests?",2025-04-01 21:15:35,22
Summit Housing 2025-2026,"Hey guys, I was planning on trying to find a place to live for my second year at Summit since it's easier for me to walk around class and kinda dangerous/tiring for me to use the train constantly (my home is like 40 minutes away but the circumstances of on-campus are better). 

I found this floor plan that costs $924 per person with 2 beds/bath suite. I think this looks pretty good. Do you guys think it's a good idea for me to apply for this lease immediately? If so, what's the chances I can get it? (it's marked as avaliable) Also would like to know if all Summit apartments require 12 months of payment.",2025-04-01 20:17:10,1
An Update to the Food Truck Situation,"(Reposted from the [petition](https://chng.it/sX8YWB7qvK)) - Last night, with the help of USGA (Drexel Undergraduate Student Association), a Food Truck Forum was held with Senior Leadership at Drexel to discuss the recent news. This meeting was attended by Subir Sahu, Brian Keech, Chief Mel Singleton, Karen Lewis, and Katie Zamulinsky, where they answered questions from the Drexel Community. We are currently working on getting a recording of this meeting.

In short,¬†**the issue we are currently facing is** [**a Philadelphia City Ordinance**¬†](https://files.amlegal.com/pdffiles/Philadelphia/150056-A.pdf)that prevents Food Trucks from staying overnight or operating outside of described hours, among many other regulations, but the overnight rule has seemingly been the greatest source of pain for these trucks. Drexel has made the point that they are simply enforcing and upholding the regulations set by the City and the Philadelphia Health Department, as well as ensuring all vending trucks have equal enforcement. None of the food trucks in question are on Drexel private property, but on property of the City of Philadelphia.¬†

There were numerous solutions proposed, including commissary/reserved parking for vendors, but the vending laws of the city still don't protect these trucks in regards to staying overnight, and don't resolve the issue that is causing Pete's to close.¬†**The solution we are seeking will likely have to come from the City of Philadelphia/Philadelphia City Council**, and we will have to develop a plan to suit these vendors. Drexel has encouraged us to do so.¬†

**Our representative on the City Council is Jamie R. Gauthier. You can connect with her**¬†[**here and make your voice heard**¬†](https://phlcouncil.com/jamiegauthier/)**(before April 4th!)**¬†Although the exact solution isn't clear yet, we all know and share the sentiment that we want these trucks to stay.¬†*Regardless of how much you may feel the enforcement of this ordinance is warranted,*¬†we must unite behind the pressing issue, which is that our favorite food trucks are facing extreme struggles because of this.

**So what do we do now?**

* There were a lot of people that stayed after tonight's meeting to discuss potential solutions. This includes looking at other models of universities in the area who have food trucks stay overnight, as well as drafting a bill to the City Council. There is no ""best"" solution at the moment, which is why...
* **We have created a**¬†[**Discord server**](https://discord.gg/JMRZJ7pHyN)¬†**to manage all communications.**¬†[**You can join here!**¬†](https://discord.gg/JMRZJ7pHyN)This is intended to be an open forum for anyone to join, so your voice is heard and ideas/resources can be shared.¬†**Don't panic, organize!**
* **CONTACT OUR COUNCILMEMBER!**¬†Make your voice heard by leaving a call or message.¬†[https://phlcouncil.com/jamiegauthier/](https://phlcouncil.com/jamiegauthier/)



This isn't the first time the Drexel community has faced this issue. Here are some media mentions of food trucks in the past!

* [https://www.thetriangle.org/news/petition-protest-food-trucks-being-forced-move/](https://www.thetriangle.org/news/petition-protest-food-trucks-being-forced-move/)
* [https://whyy.org/articles/nye-nix-kenney-vetoes-food-truck-ban-kills-society-hill-carve-out-and-more/](https://whyy.org/articles/nye-nix-kenney-vetoes-food-truck-ban-kills-society-hill-carve-out-and-more/)
* [https://www.thetriangle.org/news/highlighting-immigrant-food-trucks-owners-on-campus/](https://www.thetriangle.org/news/highlighting-immigrant-food-trucks-owners-on-campus/)
* [https://billypenn.com/2015/08/23/how-3100-angry-philly-social-media-users-could-change-a-bill-that-might-kill-the-culture-of-food-trucks/](https://billypenn.com/2015/08/23/how-3100-angry-philly-social-media-users-could-change-a-bill-that-might-kill-the-culture-of-food-trucks/)

¬†

Pete's last day in business is supposed to be this Friday, so I encourage you to stop by 33rd and Arch sometime this week, and show your support to Pete's, as well as all the food trucks that are going to be affected.¬†",2025-04-01 17:49:10,121
Ethics Goes to the Movies by Christopher Falzon,Anyone have this text for ethics I can borrow or somewhere I can find a pdf? Thanks,2025-04-01 17:04:40,2
How is the work load for ENVS 226 with Sean O‚ÄôDonnell?,"Is it better than sociology 101? I‚Äôm taking the in person lecture, what are the assignments like?",2025-04-01 13:00:16,2
North 34th and Brandywine safety,"I'm a grad student, and I'm looking at some apartments around that area. I was recommended to not stay above Haverford, but Brandywine is right next to that so I'm not completely comfortable yet. I'll probably go home late often (around 9-10pm or even after midnight). So how good is that area?",2025-04-01 11:31:58,4
Drexel Law Questions,"Hey everyone! I just got into Drexel Law and have some questions I am hoping to get answered :) Thanks in advance!

1. What neighborhood do most law/grad students live in.
2. Are there dining options on the law school campus/ restaurants nearby?
3. Is the campus dog-friendly?
4. Are there a lot of student athletes that ride scooters?",2025-04-01 10:43:42,1
33rd textbook,"Does anybody have a link to this textbook? I don‚Äôt feel like buying it, and the copy on internet archive is out of date. Does having the 2024 edition really matter? Thanks.",2025-04-01 08:29:29,3
Current Drexel Promise Transfer Students: What‚Äôs Your Real Out-of-Pocket Cost? (Low-Income),"Hey everyone, I‚Äôm hoping to get the REAL numbers and advice from current transfer students at Drexel who are attending through The Drexel Promise program. i live 30 minutes away and have a car so i will be commuting. 

I'm looking to transferring this fall with my associate‚Äôs degree, and I qualify for The Drexel Promise, so I‚Äôll be getting 50% off tuition. I‚Äôm also a low-income student, so I expect to qualify for a solid amount of federal and state aid (Pell Grant, PA State Grant, etc.).

What I‚Äôm trying to figure out is:

What does your actual out-of-pocket cost look like after all aid is applied?

Do you still end up needing loans? If so, how much per year or quarter?

Any hidden costs, fees, or housing expenses that caught you off guard?

Also:

How much has co-op ACTUALLY helped you financially 

Are you living on or off campus?

Are you getting any extra scholarships (like Phi Theta Kappa)?

Would you say it‚Äôs financially manageable overall?

Feel free to comment ill actively be replying

EDIT: 

The goal is to offset the cost as much as possible with co-op (avg pay for my major 27/hr)",2025-04-01 06:41:50,3
Drexel tuition,"I got into Drexel‚Äôs Film & Television program (also considering Business & Entertainment), but the tuition is looking pretty steep. I don‚Äôt qualify for FAFSA, so I‚Äôm trying to figure out if there are any options to make it more affordable.

Does anyone in the program have insight on scholarships, grants, or other financial aid Drexel offers? Also, is there someone at the school I could talk to about this? I really like the co-op program and the opportunities Drexel provides, but I want to make sure it‚Äôs financially doable.",2025-03-31 23:45:25,0
Ace program spring 2026,"Hi everyone,

Is anyone here applying to Drexel‚Äôs ACE nursing program? I‚Äôd love to hear about the admissions process and how competitive it is.

If you‚Äôre currently in the program or have completed it, could you share your experience? I‚Äôd love to know what you think about the program‚Äôs structure and overall experience.

Thanks in advance!",2025-03-31 19:07:53,1
Custom dual grad degree?,"Hi everyone!
I‚Äôm currently getting my online MBA at Drexel part-time as I also work full-time.  

When I was deciding which masters to get I knew an MBA made more sense for me and my current career, but I also really heavily considered the masters in Public Policy.  

I know that with my current MBA I could get a grad minor in law or public policy, and maybe if I could do both I would be fine with that but as it is I can only choose one. 

So my next question was can I get a dual degree with public policy.   Drexel has a few dual degree programs available, but I was surprised that the MPP/MBA was not an option as it‚Äôs a fairly common dual degree.  There are already a couple courses the two share and plenty of elective space available in both that it would be doable.  

I asked my grad advisor and she told me it‚Äôs not possible.  The only ones available are the ones approved.  However, I know a lot of schools have the option of creating a dual degrees as long as you work with both programs and get it approved.  

So I wanted to see if anybody had done this or has any knowledge about how to go about creating a custom dual degree that doesn‚Äôt already exist/isn‚Äôt already approved.  If no one has any knowledge about this then I understand there‚Äôs nothing I can do about it, I just don‚Äôt understand why this wouldn‚Äôt be possible.  

TLDR: has anyone been able to create/get approved for a custom dual grad degree that doesn‚Äôt currently exist?  If so, what was the process? ",2025-03-31 15:06:33,1
Drexel Student Government is hosting a forum TONIGHT @ 7 to discuss the Food Truck Issues. Link in comments!,,2025-03-31 14:53:47,58
Study Abroad,"Hello! I want to study abroad my junior year in spring or summer (preferably summer). I'm studying marketing. Is summer in Florence, Italy the only program that's not an exchange program?",2025-03-31 14:33:52,1
How do you pronounce Disque?,"Is it like ""Disk""? Or ""Dee-skway""? Or maybe ""disk-queue""?",2025-03-31 11:45:19,5
"Haven‚Äôt been on campus in 6 months, what have I missed?","For my peeps who haven‚Äôt been on campus in 6 months, what have been some major moments they might have missed? ",2025-03-31 07:10:33,20
Please give some suggestions,"Will I be able to afford Drexel University, my parents are ready to pay for the first year fees, including living expenses, but my main concern is after that. Will I be able to pay through Co-op or on campus jobs?
I am willing to give it my all but it is a huge risk at the same time. I have applied for CS.

Please be extremely honest and don't sugercoat anything.",2025-03-31 05:31:47,0
Math practicums for first year calculus courses,"Are the 1 credit math practicums mandatory supplements to the first year calculus classes that they're related to in that students taking the calculus course have to also sign up for the practicums?

  
Do first year statistics classes also have practicums and are they mandatory for those taking first year statistics classes?

  
What purpose do math practicums serve?",2025-03-31 04:46:35,2
BIO136,"Guys, i have a question. Is BIO136 its own course and does it matter if I don't take it because somehow it lets me register for bio 133 without needing lab (I thought it was strange because the other science like physics or chem would flag you if you aren't register for lab. idk why bio sequence gotta be so confusing). thing is I didn't know and now I'm freaking out because the only lab section left they have doesn't fit my schedule. would it be ok if I just leave the lab for later, like how important is it?

 P.S. If anyone is dropping 136 lab on Thursday at noon pls dm me. 

",2025-03-30 23:25:18,5
1 full academic year,"Hi Everyone, Is 1 full academic year is 3 quarter which is begin of Fall - end of Spring ( Sep - June )  or 4 quarter ( sep - sep ) , some of my friend said 3 and when I look online it said 4 ? Thanks everyone",2025-03-30 19:19:16,2
Experience of Commuters? Any input would be great!!,"Hi! Drexel is one of my top choices for my undergraduate studies right now. If I do commit, I will commute to and from campus! It would be great if anyone could offer input on commuter life! What is the social scene like? What is it like with classes? Do you feel safe during your commute?  etc.. ",2025-03-30 16:32:49,2
ENGL 103 Professor,"HELP! I currently have Bob Finegan registered for ENGL 103 spring term, but after reading his email and exam info, he reminds me of my high school IB English 2 teacher and I absolutely cannot go through that trauma again.   
  
I'm thinking of dropping and registering into a new section, but almost every section is full right now.   
How is Llana Carroll or Donna Rondolone for 103? ",2025-03-30 14:01:10,0
ECON202,Should I take the class with Stephen Joyce or the asynchronous class with Pia?,2025-03-30 13:58:12,3
does drexel fr have secret tunnels???,,2025-03-30 10:28:02,0
CS270/CS265,"Please, if anyone is dropping it could you let me know when you do so I could possibly pick it up. Was really looking forward to taking it this semester but didn‚Äôt get a chance to register for it. I see a lot of people discussing it so if you do end up dropping it, I‚Äôd appreciate it if you let me know when you di",2025-03-29 23:28:31,2
Freshman move out,What is the procedure for freshman‚Äôs moving out in the spring? Do movers come again and it‚Äôs all organized like move in?,2025-03-29 22:37:09,3
Is physics 102 easier than 101,"I took 101 this quarter and thought it was very hard. Is 102 easier? Should I continue with the physics sequence? It‚Äôs hurting my GPA. 

Can just take biology or chemistry ",2025-03-29 20:57:32,9
ucross power out,this shit again‚Ä¶ anyone have any idea why the power in ucross just went out? or when it might be back ?,2025-03-29 18:45:54,6
scholarships!,"hello everyone! i was recently admitted to Drexel's BS/MD program but the cost per year comes out to a whopping 65K! That's a lot for my family as our financial situation isn't really stable right now. When I filled out the FAFSA, we didn't get any money so the 21k I got is from scholarships but I still don't think my FAFSA will give me any money with the situation right now. 

Therefore, I NEED scholarships! I was wondering how you guys asked for more money, who to reach out to, and just the general process or if anyone has a sample email?

All and any help will be appreciated. thank you so much!!",2025-03-29 17:07:28,0
Randomly Dropped from Class w/o Any Notice,"Hi, I was enrolled in CS270 for the upcoming quarter. It showed up on my Drexel Connect schedule, in BBLearn, ect. Last night I went into BBLearn to go over syllabi policies to create my quarter schedule and noticed that it was not there nor in Drexel Connect.

I didn‚Äôt receive any emails saying it was dropped on my behalf, or that the section was canceled. I also checked the course status and the section is still available. I emailed my advisor but I‚Äôm not sure if she‚Äôll respond in time. She also has no availability until week 2 according to her booking schedule (after the add/drop period).

Has this happened to anyone before? I really need to take this class this quarter so hopefully I‚Äôm put back in because I did not do anything for this to occur. 
",2025-03-29 12:00:16,2
ES&P Evaluation Missed Deadline,I missed the deadline for the ES&P evaluation. Will my coop advisor be able to give me an extension or will all my credits be deemed null - NCU. How strict is this? ,2025-03-29 10:44:44,2
campus check in?,"they said you can check in 10-2pm so as they said i can get room for me right but how about roommates i didnt choose my roommate.
sounds stupid but how can i find drexel campus how to register?",2025-03-29 06:54:45,1
Film major in Drexel,Is Drexel good for cinematography and Video production to consider as an international student?,2025-03-29 06:43:44,1
I hate proverify,Like I submit everything needed then I get a email that what i submitted months ago that was under review was declined and now I have to get new documents for it and I‚Äôm possibly screwed for this term also ,2025-03-29 02:45:48,3
Math placement exam,"When is the math placement exam and what's covered on the exam?

What happens to those who do poorly on the exam?",2025-03-29 01:42:12,3
Penn State vs Drexel CS,current high school seniors deciding between these schools. penn state coe is 43k a year and drexel‚Äôs is 56k. costs arent really an issue. Which one should I go for to do cs?,2025-03-29 00:17:21,8
üö® Kami Is Also Being Affected By Drexel‚Äôs Food Truck Enforcement üö®,Spread the word and sign the petition! Link in comments.,2025-03-28 21:43:12,162
Philadelphia Inquirer article about the food truck closures,,2025-03-28 18:43:05,80
Drexel university,Drexel university placed my name on the waitlist üò¢ what can I do please ,2025-03-28 16:10:24,0
What are all the sororities at drexel? What are they known for?,,2025-03-28 13:55:55,3
GWF Myers scholarship,"Guys does any of you know about this scholarship? I got an email stating to fill a scholarship application and immediately I did it posted to my billing and financial aid tab that I have accepted it. When I called Drexel Central to inquire about it they told me that there‚Äôs no scholarship money and it‚Äôs just apart of the Drexel grant and they‚Äôve just renaming it to make it sound ‚Äúprestigious ‚Äú, and I‚Äôm not getting what they called ‚Äúa scholarship‚Äù and the chances of getting that money are slim to which sounded contradictory because they said there‚Äôs scholarship and its just for purposes of ‚Äúputting it on a resume‚Äù which shocked me. Like why is this school like this??? Are they scammers or something because it has literally posted to my account as aid, and they literally added that money separately and they‚Äôre saying it‚Äôs part of the ‚ÄúDrexel grant‚Äù when that money has basically been recorded as them giving aid! This school is just funny, if anyone knows anything about this ‚Äúscholarship‚Äù and if it applied to you, any information would be appreciated because I don‚Äôt understand what‚Äôs happening. Thank you! ",2025-03-28 13:43:03,2
Econ202: Marco Airaudo or Stephen Joyce??,Which professor is better for Econ202? ,2025-03-28 13:31:48,1
Econ202 and blaw201,Can someone please help me out? Please share your experience on these two courses. How heavy the workload is and the best and worst professors. ,2025-03-28 12:59:34,1
Housing Exemption,"I am considering applying for a housing exemption for next year (my second year), since the price of ACC/dorm housing is causing financial strain. I would be living with my uncle, who lives within the approved radius, but he is not my parent/legal guardian (I would be able to easily prove his relation to me though, if that matters). What kind of hoops would I have to jump through to get this approved, or is it just a lost cause? Any advice would be greatly appreciated üôèüôè",2025-03-28 12:37:48,2
Does Drexel admin hate its students?,"I‚Äôm convinced they do, no one is pleasant to talk to, they don‚Äôt seem like they care about any of your issues and only seems to make student experience worse year after year. They make dumb decisions with our money, then when their investments don‚Äôt pan out they punish us by taking things away, charging us more every year and rarely investing into things that would make student life better. They just seem so incompetent, and they wonder why enrollment is down. At some point they have to stop blaming external factors and look at themselves. I‚Äôve always been an advocate for Drexel as a school but it‚Äôs my last year and every year they‚Äôve just gotten worse.",2025-03-28 11:26:54,119
Am I cooked?,I'm taking CS265 + CS 270 + SE201 + MATH 200 + MATH 201 next term. Am I gonna survive?,2025-03-28 10:59:18,15
Least obvious cash grab,"https://preview.redd.it/1yebxwn2ccre1.png?width=358&format=png&auto=webp&s=da2f784a7720317fd0e49837eb564520a6f7615c

",2025-03-27 22:22:14,4
Upsilon Pi Epsilon,"I got asked to join Upsilon Pi Epsilon (CS Honors Society) recently. I‚Äôm wondering if anyone knows about it, and why I‚Äôm hearing from them now? I‚Äôm a 4th year CS student graduating in 2026. Is it worth it to join?",2025-03-27 21:53:18,4
Roomate,"
Hey guys, my roomate and I are looking for a third roomate for a 3b3b apartment at our Spring Garden apartment (preferably female). Rent is $725/per month. There‚Äôs an in unit washer and dryer for laundry, thermostat, free high speed Wi-Fi, a Tv, an Intercom with video display in the apt, a dishwasher, and the Drexel shuttle and other buses that go to most parts of Philly stops directly opposite the apt.The leasing group also has their own Shuttle that also stops right in front of our apartment . It is also a 10min walk to campus. The only thing we pay for is electricity which mostly comes up to $41-$50 each month The apt is also close to many train stations, convenience stores, and supermarkets. If anyone is interested please dm. Thanks!",2025-03-27 21:43:24,2
How do I submit a private scholarship?,"I got a scholarship and none of the websites are giving an exact answer on how to submit them and keep sending me in a loop. I emailed Drexel Central and Ask Drexel, but wasn‚Äôt given much help. I was given a digital certificate and not a check.",2025-03-27 18:20:06,2
BSMS Regalia,"Does anyone know what regalia we get as BSMS students? No one told us what to get and we are all buying the masters one.

Wasn't sure who to ask",2025-03-27 17:51:56,3
